mse,rmse,mae,r2,cv_scores,feature_columns,target_column
718719182910168.5,26808938.489059363,14535442.620909674,0.3531544301491589,[0.33026693 0.2181715  0.27810284 0.29440142 0.32815001],"['bedRoom', 'bathroom', 'area']",price
